feedback,sentiment
"Network speed is super fast, streaming without any lag.",positive
The installation of broadband took more than 2 weeks.,negative
My friend also uses Vodafone services in the UK.,neutral
Vodafone UK customer service resolved my issue quickly. Very happy!,positive
My internet keeps dropping every evening. Extremely frustrating.,negative
I switched from 4G to 5G recently.,neutral
"I got a quick response on the Vodafone UK app, really efficient.",positive
Frequent call drops make it difficult to talk to clients.,negative
I switched from 4G to 5G recently.,neutral
Signal strength is strong across most areas in Manchester.,positive
My data speed drops significantly after 9 PM.,negative
The broadband technician visited yesterday as scheduled.,neutral
Vodafone UK customer service resolved my issue quickly. Very happy!,positive
Unexpected extra charges on my Vodafone bill this month.,negative
The Vodafone app has new updates available.,neutral
"Great offers on my new Vodafone UK plan, saved a lot of money.",positive
My data speed drops significantly after 9 PM.,negative
I switched from 4G to 5G recently.,neutral
Signal strength is strong across most areas in Manchester.,positive
The installation of broadband took more than 2 weeks.,negative
My friend also uses Vodafone services in the UK.,neutral
Vodafone upgraded my plan without extra charges.,positive
My internet keeps dropping every evening. Extremely frustrating.,negative
My friend also uses Vodafone services in the UK.,neutral
Vodafone upgraded my plan without extra charges.,positive
"Poor signal in rural areas, can’t make calls properly.",negative
Vodafone UK is offering student discounts now.,neutral
"Network speed is super fast, streaming without any lag.",positive
My internet keeps dropping every evening. Extremely frustrating.,negative
Vodafone UK is offering student discounts now.,neutral
The 5G coverage is excellent in London. Smooth experience.,positive
Unexpected extra charges on my Vodafone bill this month.,negative
The broadband technician visited yesterday as scheduled.,neutral
Signal strength is strong across most areas in Manchester.,positive
Long waiting time to get connected to customer care.,negative
The Vodafone app has new updates available.,neutral
Vodafone UK customer service resolved my issue quickly. Very happy!,positive
Long waiting time to get connected to customer care.,negative
Vodafone UK is offering student discounts now.,neutral
"I got a quick response on the Vodafone UK app, really efficient.",positive
Vodafone customer service took too long to answer my query.,negative
Vodafone UK is offering student discounts now.,neutral
The roaming services worked flawlessly during my trip abroad.,positive
Unexpected extra charges on my Vodafone bill this month.,negative
My friend also uses Vodafone services in the UK.,neutral
The 5G coverage is excellent in London. Smooth experience.,positive
My data speed drops significantly after 9 PM.,negative
Vodafone UK is offering student discounts now.,neutral
Billing was accurate and easy to understand this month.,positive
My data speed drops significantly after 9 PM.,negative
The Vodafone app has new updates available.,neutral
Vodafone upgraded my plan without extra charges.,positive
"Poor signal in rural areas, can’t make calls properly.",negative
I checked my balance on the Vodafone app.,neutral
"I got a quick response on the Vodafone UK app, really efficient.",positive
Vodafone customer service took too long to answer my query.,negative
The signal is okay in some areas but weak in rural regions.,neutral
Vodafone UK customer service resolved my issue quickly. Very happy!,positive
My data speed drops significantly after 9 PM.,negative
I switched from 4G to 5G recently.,neutral
"Great offers on my new Vodafone UK plan, saved a lot of money.",positive
Unexpected extra charges on my Vodafone bill this month.,negative
The Vodafone app has new updates available.,neutral
Billing was accurate and easy to understand this month.,positive
My internet keeps dropping every evening. Extremely frustrating.,negative
Received my Vodafone SIM card in the mail today.,neutral
The roaming services worked flawlessly during my trip abroad.,positive
The installation of broadband took more than 2 weeks.,negative
The Vodafone app has new updates available.,neutral
Billing was accurate and easy to understand this month.,positive
"Poor signal in rural areas, can’t make calls properly.",negative
The broadband technician visited yesterday as scheduled.,neutral
Vodafone UK customer service resolved my issue quickly. Very happy!,positive
My internet keeps dropping every evening. Extremely frustrating.,negative
I switched from 4G to 5G recently.,neutral
"Great offers on my new Vodafone UK plan, saved a lot of money.",positive
Unexpected extra charges on my Vodafone bill this month.,negative
Received my Vodafone SIM card in the mail today.,neutral
Vodafone upgraded my plan without extra charges.,positive
Long waiting time to get connected to customer care.,negative
Vodafone UK is offering student discounts now.,neutral
"I got a quick response on the Vodafone UK app, really efficient.",positive
Frequent call drops make it difficult to talk to clients.,negative
There is construction in my area affecting all networks.,neutral
The roaming services worked flawlessly during my trip abroad.,positive
The installation of broadband took more than 2 weeks.,negative
The Vodafone app has new updates available.,neutral
The roaming services worked flawlessly during my trip abroad.,positive
My data speed drops significantly after 9 PM.,negative
The Vodafone app has new updates available.,neutral
"I got a quick response on the Vodafone UK app, really efficient.",positive
"Billing statement was confusing this month, had to call support.",negative
The signal is okay in some areas but weak in rural regions.,neutral
"Great offers on my new Vodafone UK plan, saved a lot of money.",positive
My data speed drops significantly after 9 PM.,negative
Vodafone UK added new recharge packs this month.,neutral
Vodafone upgraded my plan without extra charges.,positive
"Billing statement was confusing this month, had to call support.",negative
The signal is okay in some areas but weak in rural regions.,neutral
"I got a quick response on the Vodafone UK app, really efficient.",positive
"Poor signal in rural areas, can’t make calls properly.",negative
The signal is okay in some areas but weak in rural regions.,neutral
Vodafone upgraded my plan without extra charges.,positive
App is buggy and keeps crashing when I try to pay bills.,negative
My friend also uses Vodafone services in the UK.,neutral
Vodafone UK customer service resolved my issue quickly. Very happy!,positive
App is buggy and keeps crashing when I try to pay bills.,negative
There is construction in my area affecting all networks.,neutral
"I got a quick response on the Vodafone UK app, really efficient.",positive
"Billing statement was confusing this month, had to call support.",negative
I checked my balance on the Vodafone app.,neutral
Vodafone UK customer service resolved my issue quickly. Very happy!,positive
Unexpected extra charges on my Vodafone bill this month.,negative
The Vodafone app has new updates available.,neutral
Signal strength is strong across most areas in Manchester.,positive
My data speed drops significantly after 9 PM.,negative
The signal is okay in some areas but weak in rural regions.,neutral
"Great offers on my new Vodafone UK plan, saved a lot of money.",positive
Vodafone customer service took too long to answer my query.,negative
I switched from 4G to 5G recently.,neutral
"Network speed is super fast, streaming without any lag.",positive
The installation of broadband took more than 2 weeks.,negative
There is construction in my area affecting all networks.,neutral
"Great offers on my new Vodafone UK plan, saved a lot of money.",positive
Long waiting time to get connected to customer care.,negative
The Vodafone app has new updates available.,neutral
The roaming services worked flawlessly during my trip abroad.,positive
Long waiting time to get connected to customer care.,negative
There is construction in my area affecting all networks.,neutral
"Network speed is super fast, streaming without any lag.",positive
Unexpected extra charges on my Vodafone bill this month.,negative
Vodafone UK is offering student discounts now.,neutral
Billing was accurate and easy to understand this month.,positive
My internet keeps dropping every evening. Extremely frustrating.,negative
My friend also uses Vodafone services in the UK.,neutral
Vodafone UK customer service resolved my issue quickly. Very happy!,positive
Vodafone customer service took too long to answer my query.,negative
I switched from 4G to 5G recently.,neutral
"Network speed is super fast, streaming without any lag.",positive
Long waiting time to get connected to customer care.,negative
The broadband technician visited yesterday as scheduled.,neutral
"Great offers on my new Vodafone UK plan, saved a lot of money.",positive
Vodafone customer service took too long to answer my query.,negative
Received my Vodafone SIM card in the mail today.,neutral
"Great offers on my new Vodafone UK plan, saved a lot of money.",positive
My internet keeps dropping every evening. Extremely frustrating.,negative
The Vodafone app has new updates available.,neutral
Vodafone UK customer service resolved my issue quickly. Very happy!,positive
App is buggy and keeps crashing when I try to pay bills.,negative
I switched from 4G to 5G recently.,neutral
"Great offers on my new Vodafone UK plan, saved a lot of money.",positive
"Billing statement was confusing this month, had to call support.",negative
My friend also uses Vodafone services in the UK.,neutral
Support staff were polite and professional during my call.,positive
"Poor signal in rural areas, can’t make calls properly.",negative
The signal is okay in some areas but weak in rural regions.,neutral
Vodafone UK customer service resolved my issue quickly. Very happy!,positive
Long waiting time to get connected to customer care.,negative
The Vodafone app has new updates available.,neutral
Billing was accurate and easy to understand this month.,positive
My data speed drops significantly after 9 PM.,negative
My friend also uses Vodafone services in the UK.,neutral
Vodafone upgraded my plan without extra charges.,positive
Vodafone customer service took too long to answer my query.,negative
The broadband technician visited yesterday as scheduled.,neutral
The 5G coverage is excellent in London. Smooth experience.,positive
My internet keeps dropping every evening. Extremely frustrating.,negative
Vodafone UK is offering student discounts now.,neutral
"I got a quick response on the Vodafone UK app, really efficient.",positive
The installation of broadband took more than 2 weeks.,negative
Vodafone UK added new recharge packs this month.,neutral
Vodafone upgraded my plan without extra charges.,positive
My data speed drops significantly after 9 PM.,negative
The signal is okay in some areas but weak in rural regions.,neutral
Vodafone UK customer service resolved my issue quickly. Very happy!,positive
My internet keeps dropping every evening. Extremely frustrating.,negative
Received my Vodafone SIM card in the mail today.,neutral
Support staff were polite and professional during my call.,positive
Vodafone customer service took too long to answer my query.,negative
I checked my balance on the Vodafone app.,neutral
Vodafone upgraded my plan without extra charges.,positive
Unexpected extra charges on my Vodafone bill this month.,negative
Received my Vodafone SIM card in the mail today.,neutral
The 5G coverage is excellent in London. Smooth experience.,positive
Unexpected extra charges on my Vodafone bill this month.,negative
The signal is okay in some areas but weak in rural regions.,neutral
Signal strength is strong across most areas in Manchester.,positive
Frequent call drops make it difficult to talk to clients.,negative
There is construction in my area affecting all networks.,neutral
Signal strength is strong across most areas in Manchester.,positive
Frequent call drops make it difficult to talk to clients.,negative
The broadband technician visited yesterday as scheduled.,neutral
Vodafone UK customer service resolved my issue quickly. Very happy!,positive
App is buggy and keeps crashing when I try to pay bills.,negative
The Vodafone app has new updates available.,neutral
Vodafone UK customer service resolved my issue quickly. Very happy!,positive
Long waiting time to get connected to customer care.,negative
There is construction in my area affecting all networks.,neutral
Vodafone UK customer service resolved my issue quickly. Very happy!,positive
"Billing statement was confusing this month, had to call support.",negative
I switched from 4G to 5G recently.,neutral
The roaming services worked flawlessly during my trip abroad.,positive
"Billing statement was confusing this month, had to call support.",negative
The broadband technician visited yesterday as scheduled.,neutral
Vodafone UK customer service resolved my issue quickly. Very happy!,positive
My data speed drops significantly after 9 PM.,negative
I checked my balance on the Vodafone app.,neutral
The 5G coverage is excellent in London. Smooth experience.,positive
My data speed drops significantly after 9 PM.,negative
I checked my balance on the Vodafone app.,neutral
Vodafone upgraded my plan without extra charges.,positive
App is buggy and keeps crashing when I try to pay bills.,negative
The broadband technician visited yesterday as scheduled.,neutral
The 5G coverage is excellent in London. Smooth experience.,positive
App is buggy and keeps crashing when I try to pay bills.,negative
Vodafone UK added new recharge packs this month.,neutral
Billing was accurate and easy to understand this month.,positive
"Billing statement was confusing this month, had to call support.",negative
The Vodafone app has new updates available.,neutral
Signal strength is strong across most areas in Manchester.,positive
The installation of broadband took more than 2 weeks.,negative
My friend also uses Vodafone services in the UK.,neutral
Billing was accurate and easy to understand this month.,positive
"Poor signal in rural areas, can’t make calls properly.",negative
There is construction in my area affecting all networks.,neutral
Support staff were polite and professional during my call.,positive
Unexpected extra charges on my Vodafone bill this month.,negative
Vodafone UK added new recharge packs this month.,neutral
Signal strength is strong across most areas in Manchester.,positive
The installation of broadband took more than 2 weeks.,negative
My friend also uses Vodafone services in the UK.,neutral
"Network speed is super fast, streaming without any lag.",positive
"Poor signal in rural areas, can’t make calls properly.",negative
The Vodafone app has new updates available.,neutral
The roaming services worked flawlessly during my trip abroad.,positive
App is buggy and keeps crashing when I try to pay bills.,negative
My friend also uses Vodafone services in the UK.,neutral
Billing was accurate and easy to understand this month.,positive
The installation of broadband took more than 2 weeks.,negative
My friend also uses Vodafone services in the UK.,neutral
Support staff were polite and professional during my call.,positive
My internet keeps dropping every evening. Extremely frustrating.,negative
Vodafone UK is offering student discounts now.,neutral
"Network speed is super fast, streaming without any lag.",positive
Vodafone customer service took too long to answer my query.,negative
I switched from 4G to 5G recently.,neutral
Vodafone UK customer service resolved my issue quickly. Very happy!,positive
My data speed drops significantly after 9 PM.,negative
Vodafone UK is offering student discounts now.,neutral
Signal strength is strong across most areas in Manchester.,positive
Frequent call drops make it difficult to talk to clients.,negative
Received my Vodafone SIM card in the mail today.,neutral
Vodafone upgraded my plan without extra charges.,positive
App is buggy and keeps crashing when I try to pay bills.,negative
The broadband technician visited yesterday as scheduled.,neutral
The 5G coverage is excellent in London. Smooth experience.,positive
"Billing statement was confusing this month, had to call support.",negative
Vodafone UK is offering student discounts now.,neutral
Support staff were polite and professional during my call.,positive
Unexpected extra charges on my Vodafone bill this month.,negative
Vodafone UK added new recharge packs this month.,neutral
Vodafone UK customer service resolved my issue quickly. Very happy!,positive
Vodafone customer service took too long to answer my query.,negative
The signal is okay in some areas but weak in rural regions.,neutral
Vodafone UK customer service resolved my issue quickly. Very happy!,positive
My data speed drops significantly after 9 PM.,negative
Vodafone UK added new recharge packs this month.,neutral
Vodafone upgraded my plan without extra charges.,positive
My data speed drops significantly after 9 PM.,negative
There is construction in my area affecting all networks.,neutral
The roaming services worked flawlessly during my trip abroad.,positive
"Billing statement was confusing this month, had to call support.",negative
I switched from 4G to 5G recently.,neutral
"Great offers on my new Vodafone UK plan, saved a lot of money.",positive
App is buggy and keeps crashing when I try to pay bills.,negative
Received my Vodafone SIM card in the mail today.,neutral
Vodafone UK customer service resolved my issue quickly. Very happy!,positive
Long waiting time to get connected to customer care.,negative
The Vodafone app has new updates available.,neutral
"Network speed is super fast, streaming without any lag.",positive
"Poor signal in rural areas, can’t make calls properly.",negative
The Vodafone app has new updates available.,neutral
The 5G coverage is excellent in London. Smooth experience.,positive
Vodafone customer service took too long to answer my query.,negative
Received my Vodafone SIM card in the mail today.,neutral
The 5G coverage is excellent in London. Smooth experience.,positive
Unexpected extra charges on my Vodafone bill this month.,negative
The Vodafone app has new updates available.,neutral
Vodafone UK customer service resolved my issue quickly. Very happy!,positive
My internet keeps dropping every evening. Extremely frustrating.,negative
There is construction in my area affecting all networks.,neutral
Signal strength is strong across most areas in Manchester.,positive
Vodafone customer service took too long to answer my query.,negative
My friend also uses Vodafone services in the UK.,neutral
The 5G coverage is excellent in London. Smooth experience.,positive
Unexpected extra charges on my Vodafone bill this month.,negative
I checked my balance on the Vodafone app.,neutral
Vodafone upgraded my plan without extra charges.,positive
Long waiting time to get connected to customer care.,negative
Vodafone UK is offering student discounts now.,neutral
